"order_day";"avg_order_value"
"Friday";38.63197068403891
"Monday";38.262344139650786
"Saturday";38.98822470291667
"Sunday";37.47052287581689
"Thursday";38.09326780415417
"Tuesday";38.46736084079395
"Wednesday";37.62932766615131
