"month";"total_revenue";"total_pizzas_sold"
1;69793.2999999999;4232.0
2;65159.59999999992;3961.0
3;70397.09999999989;4261.0
4;68736.79999999987;4151.0
5;71402.74999999988;4328.0
6;68230.19999999992;4107.0
7;72557.89999999986;4392.0
8;68278.24999999991;4168.0
9;64180.04999999995;3890.0
10;64027.59999999992;3883.0
11;21067.75000000001;1273.0
