"order_day";"total_revenue"
"Thursday";102699.44999999965
"Friday";118600.1499999995
"Saturday";108270.29999999964
"Sunday";85994.84999999979
"Monday";92059.1999999997
"Tuesday";98822.64999999969
"Wednesday";97384.6999999996
