"order_hour";"total_revenue"
10;303.65
11;38945.05
12;95797.6999999997
13;91048.09999999967
14;52260.79999999999
15;44419.5
16;60232.59999999995
17;75150.54999999984
18;76526.24999999985
19;61925.449999999975
20;49537.34999999998
21;36864.15000000002
22;19862.000000000015
23;958.1500000000001
